CustomerID,num_orders
14750,1
17850,155
14468,1
13777,61
17027,9
14895,38
15329,11
13694,143
12839,26
15061,127
14607,22
18012,1
15862,13
13319,58
17861,18
17679,7
17032,8
16782,38
16684,55
14949,4
15623,8
12589,8
17245,2
13527,12
17581,43
15550,12
16212,4
18061,28
17774,9
14593,12
14989,1
14952,32
16200,12
13340,12
12482,29
17969,20
12525,3
16019,27
13214,7
15622,17
15696,13
16387,5
15251,21
13902,5
17961,100
16176,4
12921,74
16611,6
17426,13
15639,3
15260,25
15032,8
17389,61
14917,2
15218,22
13609,1
16242,14
18111,1
13969,35
16332,11
14683,1
14872,3
14025,8
12972,4
15680,10
13013,29
14496,7
13450,13
14426,17
15854,21
16705,42
16229,6
14651,9
16206,13
17216,1
17009,1
15551,7
13052,7
14110,33
16253,7
16390,3
16503,11
16814,36
12963,12
17802,10
14640,10
14107,11
14486,2
12625,4
16699,7
16208,10
17442,15
12547,3
14734,4
15262,3
16282,3
14437,5
16153,11
17829,5
12598,11
16331,6
13070,4
14135,24
16648,3
13920,4
17218,18
16770,9
16515,10
13602,4
13785,4
15778,1
14322,4
14978,10
13022,1
16384,4
17525,3
15044,35
16013,84
13546,5
16574,3
16416,9
14277,9
18154,5
13148,26
12877,20
15332,6
16128,11
13849,5
15992,3
17321,6
16284,3
15021,12
15024,16
16444,17
16386,3
15727,15
18047,2
16409,12
15271,24
14414,8
16552,2
12967,3
13269,28
12808,5
16725,14
17671,5
17975,24
15213,2
17685,12
12935,15
13328,1
13707,5
17035,4
15046,25
13871,17
14587,9
16306,7
13090,24
17663,17
14676,12
14657,6
14057,22
12831,3
13588,9
16398,2
14031,44
15018,3
16309,2
13048,9
18065,29
12394,2
13592,4
13629,19
18287,7
13437,7
16880,8
17828,4
14401,22
17422,11
14397,19
14503,6
14765,3
17848,30
14002,2
14159,20
14502,11
12358,5
12490,21
16305,1
14342,6
13458,16
14774,1
14624,6
12914,1
16109,3
17101,7
16365,15
14495,3
13376,3
17229,2
18196,4
16175,7
12787,4
16141,2
17034,5
16669,3
15706,4
12783,6
13389,3
13514,4
16653,2
12451,8
12719,2
12856,6
15949,2
17800,9
13652,5
16127,2
15214,8
17769,17
13139,8
13985,22
13695,16
13623,10
17461,3
17054,5
17052,1
14286,7
16712,13
17624,4
16005,10
15511,5
15414,3
15904,1
14250,3
13521,3
18180,6
15907,3
12576,8
13000,4
16858,10
14045,16
13433,4
14225,4
14241,2
16595,5
15434,11
13897,3
15091,3
17406,13
13434,5
15439,4
13469,1
12523,23
13201,4
13612,1
16108,4
17553,4
13443,6
12844,4
14625,11
16631,7
13943,1
13740,5
15025,2
17463,7
14104,5
14058,2
12485,1
16926,5
17236,12
14701,15
12399,7
13734,4
14599,2
13474,3
16784,5
15064,4
16675,2
15855,6
14855,7
12761,2
17753,4
16325,12
13506,5
12777,1
16080,4
16646,1
16044,1
12655,1
13577,11
15957,3
14400,3
13561,11
15958,4
13453,3
16012,5
14482,12
16933,9
18101,5
15583,1
18034,3
17855,1
18259,7
16726,7
16551,7
12652,2
14450,7
15549,8
14411,1
17571,5
15062,8
15257,2
13373,6
16871,6
16333,22
17109,8
13983,21
17556,2
18150,3
17877,1
18143,2
13232,7
16484,2
16861,5
13549,8
15973,3
14603,1
18099,1
12968,1
12685,6
17779,3
13860,5
14704,11
17475,1
14757,1
12412,6
17513,3
15930,1
17666,5
16076,10
13690,1
12766,9
12463,4
17832,1
14731,3
15592,1
15516,3
16847,2
13868,2
17595,2
17979,4
12569,32
17198,3
14793,2
15115,2
17359,2
16495,3
15471,3
16887,3
14564,2
15055,3
16139,5
15270,21
17927,1
17945,3
18134,2
15022,5
12711,2
16781,2
15765,1
17136,1
12898,2
15941,1
13382,5
18187,1
15447,5
13285,6
13287,3
17436,5
16636,4
13585,3
15246,3
14249,12
15229,1
14398,2
15137,2
17623,7
15142,6
16286,2
13815,8
17926,5
16434,12
16264,2
15164,9
14169,2
16579,1
13832,2
13233,4
13387,1
13088,1
14728,1
14197,1
13921,4
15458,2
17269,1
16599,1
14419,7
12915,4
18269,1
14639,9
17128,1
13502,5
16897,2
17255,4
13932,1
14036,1
14223,3
17107,10
12990,7
17265,2
16774,8
15258,2
12405,1
16187,15
18248,2
13355,1
13273,1
16820,1
12640,3
12667,1
17361,5
12448,1
15974,7
14664,2
18216,1
15531,2
14903,5
16157,3
15113,3
15097,3
12716,2
15156,3
15790,1
13800,3
17296,1
13315,1
12905,2
15766,3
16450,3
14279,2
18051,7
17184,2
17962,4
13029,5
14922,2
18244,2
12977,4
14575,1
16562,1
14026,2
14433,1
17762,1
12751,1
13205,1
13281,1
17864,5
16381,2
13840,1
16412,5
17572,10
12923,3
16402,2
12763,2
12707,1
14570,3
13977,1
13723,6
13513,3
16083,4
16780,3
13186,3
15837,2
16066,5
15066,1
17824,1
16516,1
16903,3
15556,1
13238,6
16900,3
13844,1
12479,1
15318,1
16311,2
13498,1
17910,1
13289,1
13101,4
16285,1
17586,1
16543,1
15759,7
15256,2
16317,5
14727,3
15154,3
12851,2
17649,3
12651,4
12760,1
12543,1
16476,1
15277,2
12725,4
12899,1
16491,2
17070,2
14784,3
14497,2
12401,1
16927,3
15703,1
15045,2
17972,1
14697,2
16364,2
14392,1
15801,3
18200,1
12830,6
14806,2
16404,1
17934,3
14974,1
17301,2
17579,4
12440,2
13191,1
14172,3
13482,2
12742,1
13412,1
17041,6
13346,6
16844,2
14840,2
13129,2
12799,1
16649,1
14858,1
16269,1
16783,1
14455,4
16825,5
17326,2
15138,1
15968,1
15350,2
13370,1
16598,1
12545,2
12818,1
18040,2
14288,1
17152,4
15219,2
13218,1
17562,7
14523,1
13411,1
12436,1
13806,1
16463,4
15667,1
17668,2
13867,3
16557,2
16479,2
17233,3
12396,1
14884,1
14131,1
17568,1
14563,2
18141,2
18208,1
17745,2
15731,1
16815,2
16294,1
16396,1
16870,1
15741,2
17055,1
12964,1
14510,3
15857,2
17420,6
17551,1
14165,1
16152,1
15225,1
14542,1
15578,1
16236,1
16181,1
17148,1
18045,1
14357,1
16102,3
17022,2
13142,1
17566,2
17178,1
17563,2
15548,1
13824,12
18163,1
15664,4
14786,1
15852,3
18021,2
17177,1
17665,1
16234,3
17149,1
14269,1
17710,1
15242,1
15131,1
15846,1
13181,1
15404,1
17303,1
16339,1
16113,1
16739,2
13242,7
13130,1
13801,1
12940,2
14830,1
16123,1
13176,1
13822,2
17011,3
18014,1
17727,1
12660,1
15487,1
13164,2
14281,1
12789,3
13947,1
18107,1
15554,1
14143,1
13697,1
14074,1
15231,1
16050,3
15087,1
12881,1
15063,1
18029,1
14378,1
13556,2
15178,1
13061,1
17876,3
17098,3
14007,1
14991,1
17752,1
17523,4
13349,1
14520,2
13163,1
15278,4
12959,1
17390,1
16761,1
14356,2
12641,1
13449,1
17794,2
16959,1
16349,1
17879,1
14933,4
17606,1
13852,1
18024,2
13006,1
15619,1
13351,1
13818,1
13145,7
12902,1
16970,1
15929,1
16976,1
18113,1
15588,1
17533,1
14832,1
18233,1
15118,1
17427,1
13312,1
13120,1
16786,1
15195,1
13391,1
17925,1
16457,1
17352,1
15635,1
12466,1
14440,13
15917,5
17155,7
16168,66
18223,26
16541,1
13958,8
16158,9
13825,2
14643,5
17841,211
13599,33
15527,23
17646,12
15750,18
14085,33
17696,27
17888,25
13178,21
12748,336
17243,69
15959,3
16326,24
13174,12
17362,7
16415,3
17884,20
17092,11
14146,12
15768,34
14465,11
13659,12
13769,20
14006,7
13288,5
13907,1
15421,10
17211,13
12779,14
13044,11
17006,8
15719,31
16756,7
13418,31
17920,54
15665,5
14534,26
16945,33
16385,5
13206,13
14344,20
12681,45
13001,33
12477,9
14748,10
13089,203
14758,7
17039,1
18069,11
13042,3
12631,6
12932,8
12474,31
15709,2
14543,39
17068,47
17230,18
14461,13
16794,15
16029,107
12582,4
15967,12
15071,4
13999,29
14334,12
17372,28
13082,21
13989,5
17822,5
14227,15
15547,26
13296,6
15254,3
15079,11
16948,7
14671,2
17231,25
15538,6
12705,14
13299,3
15628,17
14918,9
18036,11
14653,12
18096,6
17080,7
13266,19
18026,2
16032,6
16553,33
15373,17
16584,5
13766,1
13929,11
13059,10
15013,10
17515,9
13945,2
13327,20
12865,4
14020,4
16401,23
16755,7
13414,6
15424,3
16608,2
13440,7
13880,17
15955,22
13705,7
13397,10
17706,31
14049,13
14004,11
17380,3
16407,14
14065,3
15805,30
12511,1
17354,4
16130,4
14469,4
15073,8
15174,2
16183,4
17728,5
12958,2
13464,6
15529,12
17561,4
14907,16
13237,1
13964,2
17756,3
13884,10
14585,5
15602,16
15301,17
13136,13
17976,1
15426,9
15518,15
13523,6
17375,4
16271,10
16931,23
12868,8
12626,9
14088,16
14796,27
13168,5
17619,1
16951,3
16842,3
14176,5
16525,48
17449,13
12834,1
12597,4
12471,79
17134,3
13934,1
15132,5
15820,1
17744,7
15572,10
16678,12
14062,24
15491,6
14242,2
15237,4
14655,7
12643,12
16230,2
15561,8
14920,3
18218,4
17400,8
12674,4
16389,4
16813,10
14878,25
15386,1
14730,8
12562,9
15555,36
15014,2
16717,14
12599,13
13895,6
13562,8
17724,3
17703,4
16033,27
15942,1
15030,8
13117,18
14912,6
16498,2
16178,2
13427,6
13158,5
17061,11
16652,16
14875,3
12832,2
14452,4
16910,8
13518,1
12527,5
16395,14
14561,3
16460,3
17633,7
13650,10
13575,5
16773,3
14937,3
12646,2
16293,15
16023,3
16708,1
16201,5
18059,3
18044,18
14073,1
15103,2
14902,3
17086,6
13890,14
17419,18
12704,8
14052,2
16885,4
12749,9
17503,2
12680,4
16031,2
16807,6
15436,3
12758,7
13993,19
16769,4
14966,6
18201,1
12539,7
16792,5
14828,13
15152,14
15002,9
14256,5
15191,3
13249,9
17142,4
16550,18
17469,17
15928,1
14602,1
13772,8
16406,3
13982,9
16677,2
17209,3
15003,6
12978,5
16537,1
16719,14
17478,2
14080,5
18173,5
15259,4
13656,4
13510,11
13778,4
17784,1
17996,3
13338,4
16925,1
15247,3
13203,10
13324,18
16743,14
18230,9
12402,6
15101,6
16251,1
14514,9
16172,8
16165,1
16316,13
16345,2
17430,4
14318,1
13617,8
17212,3
13126,13
16511,6
16857,1
15658,8
15469,3
17280,1
15734,4
16414,5
12424,4
14204,4
12900,1
15688,1
13480,2
16916,4
16693,5
14553,9
16433,2
16960,8
16563,6
17043,8
12927,1
17987,5
18195,1
17386,7
12633,7
16765,2
15084,2
17580,5
17095,7
17722,5
15052,1
12348,5
15058,16
12410,3
13301,4
17830,3
17849,8
15756,4
14669,7
17058,3
14148,2
16681,7
15065,5
16672,20
14240,3
14161,7
15826,4
14489,4
13972,2
16341,7
15812,12
15069,1
12615,8
15349,2
12635,4
16188,5
13956,5
15412,1
18282,2
15376,3
16902,1
13159,4
17637,2
12828,6
17869,7
16641,2
14965,2
18222,1
14557,1
15533,3
13359,2
13224,2
14761,3
14975,2
17206,1
12759,8
13978,2
15830,1
12397,2
13046,3
16751,1
16504,1
12883,4
16804,3
12904,2
17360,6
16474,7
15239,2
13494,1
15370,8
14831,3
13457,2
14122,3
17244,5
14955,1
17833,1
17103,1
13622,1
13392,1
15732,10
14909,3
16544,4
13762,5
14142,2
12514,2
17285,2
12533,2
15614,4
12791,6
13039,4
16377,2
16472,2
14876,2
17597,5
16037,5
12746,1
17099,1
14538,5
13531,6
17540,6
17156,1
13501,3
17639,6
14187,1
17709,5
13613,5
12433,10
12554,1
14994,5
15502,14
14423,3
13674,1
13516,4
12492,3
18160,3
17880,3
15171,1
15656,4
15648,2
14267,3
15289,5
14403,6
16209,9
16006,2
17795,2
13568,1
17567,9
16424,2
14312,11
15815,5
13814,3
17267,2
17554,5
15238,3
13244,1
15975,1
14859,5
15134,10
12718,1
13558,4
17279,1
16042,8
13810,3
16851,3
14150,2
16936,2
14684,6
16440,6
14708,5
16014,5
13872,3
13787,6
14649,9
14807,2
12926,4
18135,10
14264,6
14389,5
14464,2
17971,1
16647,4
16500,9
17922,1
15842,2
12859,1
15341,2
16787,4
16350,9
13747,2
14170,3
12855,4
12803,1
16270,1
15464,1
13799,9
15388,1
14536,1
18235,3
17899,1
16462,3
16058,1
13354,1
15228,6
15208,6
18147,2
14416,2
15847,5
13532,1
17164,7
14950,1
17737,2
13843,1
13452,3
15685,1
13034,3
12611,1
14003,1
17067,3
17638,2
13036,1
16834,2
16977,4
13595,3
14678,1
16547,1
13750,11
14374,1
13796,1
16417,1
15859,1
17172,3
13554,7
14612,1
16888,3
17862,4
15726,1
15037,2
17607,1
15828,1
12944,2
14046,1
16517,1
14075,6
13294,3
13718,2
12354,1
17527,4
17723,7
14842,4
17124,1
15007,1
15372,8
12845,4
14768,2
12571,2
15608,5
12381,5
12722,4
13325,1
12488,3
16594,1
17119,2
15335,1
15853,1
12398,1
15320,1
15145,4
18211,5
17197,1
18117,1
13147,4
14385,3
12558,1
13946,6
17978,4
16280,1
13156,3
13503,6
17200,4
12954,1
17192,1
17699,2
16448,2
17308,2
17273,1
15151,2
12666,1
17558,1
14192,1
14491,2
18004,1
13385,1
17486,1
17187,2
18227,2
16624,2
18161,6
16196,1
12715,1
16629,2
16363,1
17078,2
15017,1
13236,2
17253,1
16020,3
14658,2
12756,1
12994,3
18162,1
17268,11
18190,5
15797,6
16548,1
18100,1
14230,3
14919,1
15430,2
14516,1
13374,2
13103,3
14008,1
12467,1
13671,1
17688,1
15880,1
12515,1
15408,1
12604,2
13341,1
12434,3
12999,3
18013,2
15004,1
12521,1
12743,2
14795,1
15263,1
15593,1
16753,1
17947,1
12981,2
17295,3
13847,1
14376,1
15293,1
14091,2
13879,1
17916,2
18166,1
13625,1
17225,1
13125,1
13714,1
17938,1
15337,1
13915,1
13550,1
15100,7
15894,2
16752,1
15843,1
14995,2
12614,1
16808,2
12564,1
15119,1
16610,1
14689,1
13493,2
16582,1
12642,3
14050,2
14171,2
16878,1
15475,1
16613,1
16454,4
13419,1
14027,1
12536,3
16318,1
13938,1
14349,1
16528,1
12934,1
16100,1
13981,1
13277,7
13423,1
14835,2
14962,4
17627,1
13254,1
13284,1
15851,1
18273,4
15956,2
17260,1
16962,1
13003,3
16095,1
12738,1
16055,1
13967,2
14799,2
13106,2
18063,2
16337,1
14039,2
15302,1
14429,1
12686,1
13390,1
12367,1
13689,2
18246,3
17056,1
13290,1
14373,1
14386,1
13261,2
12603,1
14816,1
13535,1
16941,1
15868,1
15893,1
16881,1
13172,1
16162,1
15310,1
17909,1
15947,1
12736,1
13099,1
16011,29
13648,8
14841,14
16124,4
17739,18
13204,1
15298,23
17388,11
15769,46
15867,31
13074,4
15856,52
17754,13
15738,41
15039,93
14320,5
14064,15
17799,20
15483,10
14911,398
12857,6
14646,151
17700,14
14560,44
14370,6
17146,13
13291,11
13604,1
15465,32
16913,3
14459,2
14040,35
13851,8
14239,21
13883,15
17373,7
18148,1
17020,2
17158,5
15437,2
14645,3
17340,18
13900,6
13187,4
16327,16
16570,20
14916,8
16054,4
17609,11
14430,3
12957,13
17913,14
16862,4
12983,1
13431,8
18188,6
14000,5
13781,3
13064,6
17063,13
17886,6
15129,23
16661,4
12455,10
15252,5
15470,1
15280,3
15282,1
12621,35
14181,2
18145,11
12609,9
16190,8
15980,7
16722,22
17897,9
13417,6
17963,4
15381,5
17401,1
16746,42
17625,8
15199,10
15125,24
12986,10
17734,6
12843,30
12583,27
14905,8
12476,23
13466,5
14644,7
14521,1
17393,2
16221,9
17323,12
14047,14
18260,23
12683,21
17228,13
16686,16
14381,2
12408,8
17726,7
13635,4
15034,14
17672,7
14257,9
14568,1
12417,20
13803,3
13055,4
12903,1
13736,7
13792,3
17179,6
16045,8
13748,9
17732,8
18247,3
16024,3
14243,17
17044,12
12577,8
13692,5
18062,6
14449,8
16016,11
15377,4
17033,4
13276,5
13211,10
15159,34
17974,6
14191,15
12567,15
17460,16
17017,29
15281,16
13255,3
16140,3
13756,23
15965,13
13496,2
13280,7
18198,17
17114,8
12601,6
15749,3
15296,12
15448,2
13939,7
16745,17
17105,2
18093,8
15059,19
14754,6
16940,8
16838,4
15189,46
12370,7
12480,7
18210,7
14041,1
16809,9
17733,2
15449,3
14348,1
13662,11
12594,15
14220,4
14390,13
15935,2
13735,13
17664,4
17519,15
15660,15
16690,4
15314,3
13481,11
17162,10
13784,14
15411,4
16184,6
18281,2
18073,12
14656,5
14383,3
16700,25
17652,12
17266,5
15095,10
12627,7
17524,3
14324,2
13362,7
16156,20
13657,2
17584,6
14720,3
17302,5
16791,15
12729,1
15743,4
13381,12
14533,11
14772,1
15804,13
14210,16
17183,6
12375,2
14111,4
17560,8
17997,8
16682,5
14432,6
17838,13
16984,9
16924,3
17858,30
13279,1
13127,1
13866,1
14226,6
13167,5
17957,1
15106,5
13314,3
14567,2
17809,20
16542,2
17125,1
16056,1
17557,4
13363,3
17684,1
17839,1
13680,12
12588,4
15952,4
13040,2
16656,30
16560,8
14487,7
16898,5
14071,8
16399,3
14515,12
15497,9
12775,7
14126,4
16169,4
17936,1
17457,14
16905,17
15841,9
14711,11
17998,3
16645,1
16192,1
13495,10
15863,5
17324,12
13081,28
15093,23
13543,2
14274,1
14396,7
15808,21
14068,4
13553,1
13875,14
16704,2
17514,2
16768,9
13696,3
18077,18
16447,3
16569,5
13797,3
15496,1
17472,4
16713,32
17133,12
17608,4
16028,1
15391,1
14941,1
13878,4
14311,2
14409,9
15878,2
15173,7
18137,2
13794,1
15817,3
18042,2
13760,5
16680,3
14725,4
15791,5
16435,3
18074,2
12804,2
14152,7
14253,2
13135,2
12542,2
14097,2
12875,5
15488,5
14837,9
14857,7
12871,3
12644,4
16938,9
15441,3
17409,10
14524,13
16777,5
13118,9
13937,2
17588,7
17381,38
16727,4
14417,1
12847,2
13996,2
17335,2
13086,1
15495,1
15906,10
14766,11
12489,1
16110,4
14600,2
15236,1
12616,3
17250,2
14851,3
17594,4
13060,1
14623,10
18221,6
16283,8
13094,13
14388,16
14408,11
17651,16
16852,2
12724,7
16589,4
17837,8
12556,2
16989,6
13994,6
17694,3
16607,25
12737,2
13512,4
16072,4
12735,2
14573,13
13720,4
17339,3
14522,8
12997,8
17434,7
15417,1
15807,5
14801,1
15012,3
14273,4
13171,3
17350,7
14598,2
13651,3
16352,2
18104,1
17221,5
15618,4
12374,4
14714,4
12890,2
16626,17
13212,3
16666,2
16057,10
12650,1
12985,2
17111,2
16850,1
14572,11
14544,3
16329,4
16620,6
16296,4
17028,3
15266,5
18057,3
12361,4
15611,26
13935,3
16275,3
13724,1
17484,2
17518,2
15141,7
16502,2
13640,1
15613,1
12943,2
16344,4
16419,8
13807,3
14208,2
12634,2
16622,1
15043,6
17471,1
13567,4
12388,8
14934,5
14153,1
16760,1
16906,7
14319,1
16263,1
16120,6
18110,2
14617,2
12817,3
14082,2
13545,2
13626,2
12767,1
14865,4
14236,5
15038,9
15304,9
15415,1
17783,3
15745,4
15265,4
18009,8
17384,3
17410,5
12684,7
17765,4
13752,7
16987,11
16483,1
15150,13
17891,1
17693,1
14289,6
14511,5
12816,2
13908,4
14420,4
14335,2
13330,6
14306,6
13416,3
13704,9
12393,6
16268,2
16882,3
12519,2
15678,3
14923,1
17528,8
16015,3
13598,5
13278,4
15865,5
13271,1
15153,1
12508,2
12689,2
13894,3
15621,4
18130,3
17385,1
15539,1
13755,9
15196,2
17789,2
13805,2
12544,1
17271,1
16410,1
17539,4
16840,2
12670,7
12416,1
16798,3
18253,1
17550,9
15135,2
12701,6
14154,8
15650,2
13677,2
17143,2
13461,6
13154,3
18207,1
13333,3
12460,1
15616,1
13642,4
15128,5
17717,1
17751,1
15400,8
16065,8
17708,4
13607,2
13686,3
15011,2
17878,3
17803,1
13786,6
13444,2
13140,5
14448,2
14577,7
12462,2
16509,1
15220,6
15308,1
15104,2
16967,1
16866,3
17312,3
12456,3
16832,5
17866,3
17248,2
16968,2
17498,1
14473,2
17014,3
14138,2
15782,4
15748,3
14332,5
16361,4
15822,6
15466,4
17075,10
14137,1
15385,3
14151,2
17226,3
14997,4
17195,1
14018,1
16534,1
13151,3
15086,2
12998,3
17051,4
13405,6
13699,2
15207,3
15926,1
16733,1
16469,5
13150,3
13041,4
12369,3
13264,1
13386,2
15519,2
14665,7
15948,3
16991,1
16785,1
18083,1
16893,2
14589,1
18119,1
14371,1
16475,4
16801,4
14762,2
17775,1
17881,1
14619,2
13606,3
15655,1
15585,1
13791,2
15172,5
12534,1
15540,2
17374,3
17736,3
15472,1
15764,8
12752,1
12512,2
15000,1
13318,3
17219,2
14860,1
13986,1
13153,1
14140,2
15642,1
13820,3
13896,1
16890,3
12580,2
14325,1
17246,2
12575,2
16555,6
16159,4
12414,6
18255,2
15401,2
12425,2
15202,3
12400,1
15160,4
15090,1
13751,1
17698,1
16022,1
14059,1
13950,4
13601,4
14377,2
13248,2
18204,3
17791,1
17885,1
16597,1
15054,2
14695,3
15162,1
12821,2
15962,1
14742,1
15735,1
14690,4
18076,1
14145,7
18165,1
12384,2
12814,1
15714,5
13348,1
12420,1
14158,1
15557,1
15720,2
12979,1
16901,1
12823,18
16078,2
14783,1
17577,2
12496,2
14677,1
13051,2
15670,2
17953,1
14630,1
18270,3
12445,2
16642,3
15481,1
18007,1
14024,3
16355,1
18224,1
15457,1
13737,1
17630,2
17053,1
13229,1
15343,1
16778,2
18033,1
17614,1
18005,2
17575,1
13112,1
17008,1
12493,2
15307,1
17831,1
18058,3
16886,1
13303,1
14500,3
12522,2
13207,4
15524,2
15328,1
17906,1
13541,2
13483,1
13789,1
16737,2
16663,1
13406,2
12702,1
14743,1
14833,1
18138,1
12672,2
17074,1
15672,1
13009,1
17549,2
15204,1
16047,1
13661,1
12503,1
17413,2
16000,3
18084,3
14340,1
16144,1
16964,2
17616,4
14845,1
13185,1
14393,1
16738,1
17102,1
17986,1
12555,1
17077,1
15753,1
18068,1
13105,1
13215,1
13222,1
14086,1
16530,1
14190,1
16093,1
17467,1
12487,1
13366,1
15940,1
13767,73
17377,78
18108,3
12872,12
14961,22
14590,20
17364,28
13798,110
15222,11
14258,25
13259,9
16422,109
18041,38
16353,38
15005,56
17351,12
12708,18
17865,46
12484,12
17690,20
13870,15
17511,60
17332,5
17667,9
15898,25
13488,23
13916,4
18106,6
17116,1
13911,20
15358,42
12371,5
17488,1
13668,35
16085,12
17227,12
12647,36
17496,4
15716,11
14735,56
15521,16
12613,10
15722,11
17842,1
17622,2
14710,13
12849,6
16841,12
16150,10
15122,11
17188,13
16161,43
13605,2
16059,12
14291,23
12409,7
16571,10
14298,82
13230,30
15544,20
14194,36
15192,5
17205,3
15078,53
16290,4
12897,4
16180,13
12403,2
16859,7
15494,5
17931,14
12755,11
15493,9
16254,3
16937,1
15200,1
13658,9
16334,1
13102,37
17137,6
14913,8
16477,11
17238,32
17300,2
15789,6
13593,14
18241,21
13842,18
17416,22
17576,41
12423,10
13032,9
17366,2
15006,2
13015,11
17002,7
16105,5
15197,6
13257,1
14470,3
14663,2
14350,3
12889,4
17429,5
15598,2
12811,5
14824,10
14412,3
17944,1
16625,5
16676,6
15900,4
14686,5
16983,11
17432,9
18016,7
15773,2
15981,21
13251,1
12949,22
17691,4
14203,1
13821,6
13316,10
15203,15
14189,16
13198,8
17411,5
14614,1
14755,25
13987,2
15850,6
12870,3
15950,10
15570,25
16274,1
16203,6
14157,5
15211,2
14702,29
17827,6
15723,4
16923,32
14849,43
18171,9
14976,7
17787,4
12691,7
16757,2
13161,2
15687,9
15407,4
17790,20
13819,6
15382,12
12714,12
14620,2
15834,7
13265,5
12778,9
12437,39
17719,15
16224,5
17140,1
15939,16
14998,4
15813,2
13113,37
16146,4
17615,6
13026,9
16458,30
17049,19
13320,6
13235,1
16966,7
16919,24
17191,15
15508,6
17483,4
12933,8
13021,17
16003,10
13282,4
15334,3
13743,7
14810,13
13675,2
18146,2
16750,5
15438,1
13075,1
14737,4
16266,14
15605,9
17320,6
14972,2
13838,10
13621,1
18018,4
15074,3
14309,11
16362,6
17299,6
13614,6
13375,2
15505,5
18194,6
15799,4
16394,5
12728,5
17813,5
13347,1
15127,2
16758,1
14741,7
17203,10
16099,7
18035,5
12552,2
16969,3
14098,1
16438,5
13447,3
15010,1
14121,4
13949,6
17368,14
13028,2
17797,8
17397,3
12406,5
13596,2
15009,3
13560,1
12952,4
13808,5
13240,8
18193,3
12624,2
15485,7
17476,2
14087,3
15571,14
15085,1
16459,1
12854,7
13952,14
15879,4
17780,3
16125,14
17695,5
17163,4
16300,3
15306,9
16521,3
16854,2
13823,7
12366,1
13357,5
16939,3
13179,1
14611,2
16086,10
14304,3
12837,2
16451,3
15757,6
17749,3
15016,5
16307,3
14508,5
16227,3
15240,12
18215,5
14715,8
12782,11
16320,6
15985,7
17261,1
13874,7
16103,22
16060,3
13594,2
16101,4
16654,8
14968,2
13076,1
15972,5
12768,1
13639,2
16606,2
16848,4
12573,5
17687,1
16863,3
15347,4
14205,9
13684,4
13758,15
14811,1
16250,3
13297,7
12807,1
16988,2
17167,3
15051,9
17952,4
17912,6
14696,8
16955,6
17555,5
18212,2
17771,4
14850,7
12507,4
16546,5
14447,6
13043,1
12878,2
15445,2
14632,1
14747,1
16889,6
18129,1
14504,4
16729,21
14201,10
12506,1
17874,6
17489,2
16116,1
16763,2
14958,6
13725,8
12494,9
17338,17
13833,2
16338,1
12450,5
14178,7
16091,2
17491,17
13486,3
14441,11
16586,3
16764,13
15831,3
14346,5
16668,13
15480,5
12418,4
17402,23
14407,6
17573,3
13083,3
17214,6
16081,8
14638,1
14218,1
16243,2
14691,5
15184,4
13170,1
14862,2
15419,1
17458,2
13332,1
15500,4
13077,11
13515,6
12628,3
14738,9
17508,8
15577,5
16600,13
12549,6
13729,3
17293,17
17547,2
14369,2
15630,3
13508,2
12692,1
18085,4
17185,3
14788,3
15149,5
14296,2
17617,1
16539,10
13497,6
13615,8
16428,3
17132,2
15702,2
15166,1
14233,7
14908,2
15543,2
17480,2
16148,2
16312,1
12359,10
15677,3
17935,7
16776,2
14904,4
16635,1
13580,1
14848,1
17276,1
13691,1
14899,1
17210,1
15649,4
15902,1
17882,2
13019,6
17204,9
17122,4
18043,3
16618,5
16403,1
13038,3
13804,9
15053,3
17394,1
17970,1
12620,3
13764,6
14513,6
17316,1
12457,8
13425,5
13928,4
12710,3
18066,3
16982,1
12602,1
14861,10
17004,4
17712,1
17653,4
16602,2
17193,9
17084,3
14174,1
17977,2
17835,3
16929,7
12912,5
17329,5
17490,9
13258,5
12596,2
12532,1
12842,4
14043,2
17875,1
13628,1
17731,6
15295,1
13478,5
13252,2
16077,1
14809,2
15198,5
15309,4
16088,2
12392,1
17199,1
12499,1
15352,1
14248,3
16075,2
15124,4
14869,6
14009,3
17403,2
16354,5
13927,2
13368,4
14981,2
12629,2
14343,4
14168,2
18136,5
15876,2
17992,1
15659,3
17868,1
16501,1
14597,6
14821,7
17170,2
17251,3
12565,1
17535,1
14336,4
15528,1
15230,2
17670,1
12355,2
18072,1
15036,3
17960,3
14162,2
16041,3
17844,1
13563,2
12498,3
14077,6
13066,2
12893,1
15088,2
15988,3
16513,4
15725,1
17254,3
15918,3
13827,3
16616,2
14108,4
17012,1
15637,5
15586,3
16508,1
12368,1
14935,2
17016,1
16382,2
12829,3
17437,1
12788,4
14228,3
17395,1
18264,1
16375,2
15346,3
17823,2
14945,1
17208,1
12385,1
15922,1
13455,6
13898,2
14315,8
17118,1
14053,4
12566,1
14109,1
12703,4
17425,2
18126,1
13845,1
13524,5
16372,5
15645,3
17232,2
17144,2
15794,2
14969,1
12860,1
16137,1
16695,2
15432,2
12953,2
14084,1
12907,2
14531,1
18182,1
13687,1
12946,1
12586,4
18243,1
12960,4
12793,3
15158,2
18220,6
17223,3
12561,1
17499,2
17711,2
14586,1
16721,1
17367,1
16357,4
17263,1
15599,3
13339,1
15261,4
13630,7
14951,1
16179,1
17520,1
15121,2
14629,2
14019,3
14034,3
14984,6
13569,4
15883,2
15604,1
17929,12
14983,1
15682,2
16822,1
16673,1
18070,1
18002,4
13197,1
12671,1
13175,2
14361,1
15684,3
16492,1
17748,1
17792,2
14445,1
13108,2
17421,3
14777,1
13331,1
17856,4
15333,1
13631,11
14196,1
16106,1
15553,1
18105,1
17500,3
16855,2
17985,1
14539,2
16908,1
14694,1
12786,1
15268,3
12459,1
14938,2
14017,1
16486,1
15788,1
17599,1
16819,2
12850,1
14254,1
13245,2
14358,2
13912,1
16281,3
14746,4
13194,2
14294,1
16559,1
16074,1
14721,1
16262,1
14889,1
16697,1
13122,2
13850,1
17887,1
16038,3
15396,2
17333,1
13356,1
12579,1
17973,1
12812,1
18030,2
15576,1
14528,1
12538,2
17100,2
15690,2
15575,1
14791,1
15587,7
14237,2
15693,1
17005,2
13465,2
14255,1
13620,1
15595,1
14089,1
17592,1
16489,2
14119,2
13672,3
16957,2
18019,1
16427,2
14964,1
15663,1
17895,1
13992,3
14826,2
15233,1
12887,1
12608,1
17763,4
18091,1
17415,1
16664,1
15299,10
16828,2
13829,1
17501,2
15463,1
14195,6
14582,1
14609,10
14351,1
16087,5
13188,1
16605,1
16816,4
15612,2
14559,1
16821,1
18133,1
15403,2
18152,1
17959,1
16583,2
14066,1
16207,1
17024,3
12992,1
17319,1
14641,1
13227,1
12796,1
14266,1
15802,1
14946,1
17570,1
14705,1
15686,1
15510,1
13383,1
13084,1
14033,1
17336,1
17347,1
12846,1
15168,1
15327,1
12740,1
18199,1
17304,1
15285,1
17598,1
13436,1
15273,1
16248,1
18028,1
13788,1
13298,1
13438,1
16953,1
15581,38
17940,16
15953,18
14479,4
14136,5
17610,5
14790,10
16710,22
15015,13
15456,10
14505,19
16875,11
13901,15
17757,56
16735,14
14672,4
16830,4
14709,25
15810,8
15580,8
16788,5
12835,41
17954,19
18172,52
14606,192
13408,106
13542,17
13010,2
15875,1
13377,2
12668,10
17740,6
14562,26
12495,1
17949,118
14427,4
17611,28
17113,6
13571,26
17873,18
13225,16
17531,3
13361,2
14893,3
14798,8
15194,28
14944,19
15796,17
13262,3
14999,1
18268,6
15691,4
16096,4
16347,11
13634,16
15405,2
18092,18
13719,11
17928,3
14235,9
16612,9
18052,1
15321,12
17190,7
16558,38
14224,9
16709,14
12802,7
18128,1
14199,4
14295,5
12380,11
13782,13
15076,3
16873,12
12975,6
14608,11
15563,7
14307,10
12801,1
17714,5
13292,5
18048,3
17482,2
17716,24
14749,1
16258,15
13024,2
14770,8
15887,3
16008,15
14375,3
13589,6
12662,20
18242,8
13410,9
17596,13
12661,1
14579,1
13213,11
18258,6
17284,8
13329,8
14329,15
15600,4
12853,11
18112,4
13941,15
12939,20
16950,10
15886,4
17760,6
15617,3
17038,2
16226,5
14800,17
13733,2
15351,10
12413,4
16670,20
15560,2
14038,5
16470,11
17274,2
15368,2
13979,7
16593,8
17355,1
16089,2
15107,9
18109,38
18118,29
14410,11
18239,6
13520,11
14327,6
12928,12
14723,11
12481,15
14472,9
17365,15
16638,15
13742,12
14501,2
17001,19
17431,1
17314,17
17071,13
17686,9
17117,1
16217,2
13899,2
13199,67
12472,19
14282,25
14395,20
12731,17
16817,13
15244,3
15646,5
16261,6
14326,3
16348,8
15640,29
15416,7
16249,5
13632,8
13862,9
12362,11
17893,1
16121,5
14016,11
14888,1
13555,13
16609,7
14280,1
12790,2
13505,4
15704,6
17750,9
17045,5
16174,7
13394,19
12669,3
14044,10
14456,9
13267,36
13157,9
13116,1
13930,2
12750,1
14101,13
13138,7
15342,1
14713,21
17682,11
12364,4
12695,7
16628,7
13812,3
15410,10
12794,2
14463,4
17370,4
13272,2
15522,2
14096,17
12820,11
13016,3
16321,7
13344,3
14333,1
16360,6
17816,6
14844,10
14529,3
12607,1
13115,10
16533,3
12955,11
15971,18
13131,7
15345,1
14936,12
15027,10
17702,6
12617,1
14789,1
17720,10
13536,7
16464,3
18127,4
15845,11
14251,5
15721,1
17852,5
13882,5
14550,4
17288,11
18158,2
18179,8
14023,2
17173,8
13954,2
16660,7
14425,3
14548,9
13643,10
14977,1
16197,9
13557,13
12648,4
14092,24
15489,8
13459,2
16051,1
17328,1
15359,8
16273,2
15673,9
14123,1
13173,11
13473,8
16718,5
16711,9
15920,9
15249,18
15848,1
17046,5
15546,2
13693,9
13143,1
14988,7
17021,6
13891,3
13830,1
13998,3
17898,4
12677,2
17201,4
17764,5
12469,2
13491,27
16915,11
14069,2
17559,1
13959,6
13976,4
17908,5
17224,1
13679,3
15798,3
17692,12
14167,8
15901,7
15422,7
13722,10
15736,2
16441,5
13566,5
14992,1
12676,11
12605,4
16576,2
15921,4
14353,3
14847,3
15501,2
16117,3
17286,3
13721,2
13226,2
18116,13
17495,3
17796,7
14293,9
16413,2
17826,1
14032,16
13165,3
16034,6
17786,2
15579,5
16030,1
16912,15
13475,4
13035,3
15397,1
12951,15
17278,2
15535,6
15620,4
13448,13
17522,5
14364,8
12770,2
13591,7
12840,7
15507,1
15130,1
13745,2
17758,12
16232,7
16942,9
15624,4
17676,10
17042,5
15048,4
18261,2
14360,4
15322,2
15205,2
12435,6
16747,2
17509,8
18169,1
15272,6
16793,1
12744,11
17534,5
13669,3
17836,1
14179,2
13914,2
17481,4
12504,4
15429,2
14418,3
14666,1
15444,2
17383,2
13828,1
16313,2
16805,5
17812,7
12920,4
18251,9
17529,2
17454,10
12733,4
17982,1
16802,2
12800,3
13107,9
13834,2
14115,2
16895,5
18008,23
16452,2
16845,1
15323,3
15331,3
13698,2
17991,3
15818,1
14391,1
16094,11
15715,5
16132,2
16894,3
18238,1
15542,3
15363,2
16891,11
16299,1
14891,4
15960,4
14571,1
14498,10
18022,5
13649,6
15269,3
17349,5
12734,3
17999,3
17950,7
15607,9
12764,1
14127,6
15067,5
16431,3
13637,3
12690,1
13887,1
15724,3
13885,2
15632,8
14276,7
15384,4
14808,8
16623,4
14133,4
13940,4
16734,3
12610,5
17189,5
16806,4
14660,2
13210,1
14211,18
12390,1
17222,6
12824,1
14592,3
16160,2
17564,3
17379,1
13323,5
14446,5
13430,2
16380,1
17150,6
15534,1
14042,1
16742,14
13111,1
16471,4
16136,4
13530,1
13407,3
17605,1
15597,2
15478,3
13300,3
16507,1
15217,1
12378,2
16683,1
17804,3
17083,9
13984,12
14260,3
13472,2
13903,1
15777,7
17980,4
17776,2
16252,1
15986,2
12356,6
14779,3
13893,1
18114,1
16297,1
17917,3
13539,7
12585,2
16965,1
15737,8
13730,2
14029,2
12441,1
17298,5
15035,1
12497,3
17154,1
15821,2
13352,1
13923,1
14815,2
17793,1
17590,3
16185,3
15951,3
14910,4
15116,4
13853,1
15924,1
16304,1
15375,1
14244,1
15885,15
14265,4
12969,1
13286,1
15484,6
13399,3
14166,2
13877,3
13398,2
15476,4
15190,1
17249,1
18277,5
16392,3
12357,3
16829,2
17433,2
16430,7
17707,8
15525,4
14985,2
14368,1
17446,2
13581,2
17507,2
16531,11
15643,3
13121,1
15517,1
16587,1
16449,2
15897,2
13396,2
14406,1
16706,3
13470,2
17309,3
12526,3
16930,3
16685,2
15440,3
13917,2
13710,3
16079,3
13638,1
17767,2
13716,1
14022,2
14591,4
17853,3
16436,3
15499,1
16166,2
13587,4
13757,1
17587,1
14200,1
14182,4
12773,1
16604,2
18103,1
13304,4
13861,2
13795,4
17353,4
14885,3
16246,2
16340,3
14314,2
17196,1
14718,1
16565,4
17493,1
17814,2
17456,2
16084,1
17516,6
15083,1
15147,1
12639,3
13572,1
12942,3
15537,1
16009,4
16239,6
12353,2
14778,2
13744,2
15344,3
13504,1
13858,1
17272,4
12827,3
14971,3
12581,1
14485,1
17761,1
16189,2
14703,1
12966,1
17914,1
17344,2
15603,2
13793,1
14147,9
13688,1
14873,2
14604,1
16002,1
14569,4
15591,3
16707,4
17798,1
12675,2
13220,5
12774,1
17919,2
13666,5
14526,1
15165,1
15460,1
17569,1
15212,2
15292,1
13223,6
17040,2
15380,11
13774,1
13364,1
15740,1
17951,4
18082,1
17357,2
12658,1
14601,1
17087,1
15479,1
17182,2
15564,2
15631,1
16864,2
18090,1
14940,2
15536,1
16824,3
18256,1
16001,1
13570,1
16617,1
18142,2
14488,1
15297,3
15806,3
16025,1
12713,1
15771,3
13839,1
16532,5
16630,1
18115,1
13773,2
17093,1
12908,5
14155,1
15181,5
15610,1
14752,1
13180,1
17494,1
17202,1
14457,1
17387,2
15692,1
16288,1
15744,1
16999,2
13960,2
14588,1
13133,3
16097,1
14287,3
15844,1
14300,1
18249,1
13525,2
17294,2
15423,3
16346,1
15361,4
14079,2
14751,2
14384,1
13653,1
17327,2
15515,1
16671,3
13765,1
13445,1
14993,1
15991,1
13968,1
16581,1
15040,1
12861,1
12659,1
15324,1
18080,2
12732,1
15082,1
17715,2
13068,2
15758,1
15914,2
15305,1
13063,1
13011,1
13144,2
15567,1
16568,2
16990,2
14650,1
15999,1
12570,1
14144,1
13096,1
16073,1
17846,1
18184,1
12404,1
14576,1
13345,1
15927,1
16408,1
14622,1
13990,1
17896,1
17942,1
16420,1
16202,9
16779,53
15514,18
16485,5
12785,3
13317,19
14156,156
13078,57
16222,2
13253,4
18094,13
13477,11
17050,11
15911,8
17465,7
14637,1
13538,12
15784,2
17647,3
12867,13
14238,3
12909,8
15366,7
12510,9
13610,14
15279,5
12663,2
15367,11
13476,5
15795,8
12638,2
15291,40
15221,4
15874,21
17905,13
17448,46
14667,54
13600,2
14662,7
18225,26
16170,20
16754,29
16393,23
12765,6
18144,19
18231,28
17307,11
17240,1
12976,8
17346,26
15954,1
16526,2
14982,1
16932,3
15241,11
16303,7
12431,27
16549,34
15916,13
17675,70
14209,15
18168,16
16883,19
16021,2
16538,3
15126,2
12592,5
14870,6
14546,11
17090,13
13468,72
14854,11
13155,6
12458,4
17512,18
12826,12
15452,6
15081,12
17669,10
18001,6
18097,11
16145,19
13018,35
14422,19
17382,8
18266,1
14341,18
15652,5
17642,5
12656,8
13537,2
14838,2
16810,2
14953,4
15934,2
12665,3
15294,1
12475,2
15569,10
16225,15
15903,12
12917,6
16904,21
16205,7
12360,8
13961,1
13384,11
16992,13
13988,8
16812,4
14926,2
17019,11
12637,12
17322,5
12600,21
15026,5
14605,4
16827,5
15752,9
17860,4
15028,6
18055,14
16899,8
16985,23
14180,33
15596,9
12664,11
17094,2
16767,15
12528,6
17811,47
16771,10
13706,2
14555,6
12395,15
15406,4
17730,20
15319,1
18183,2
13027,19
15694,24
14232,5
17585,7
17059,9
16218,13
17438,5
18071,6
12347,8
13846,4
18236,12
14163,5
12769,1
12502,5
13334,5
16963,1
12449,6
14583,8
13552,22
16247,1
12428,9
17306,21
18121,2
12653,3
13933,2
17725,11
14331,2
14818,6
14948,6
17578,7
13492,3
15835,4
15232,2
18170,9
15089,6
17451,7
14067,2
15114,12
12535,2
16603,2
15253,8
13141,17
18122,6
14124,1
12720,30
14014,3
16049,6
16233,9
12700,4
15606,17
13590,18
16869,4
14173,6
17857,24
14525,17
14507,11
14820,9
12838,10
16759,3
18274,1
14554,4
14931,5
13098,28
18139,6
14297,4
15877,2
12557,8
16856,3
17655,9
17157,19
16619,4
14206,3
15654,2
14654,1
15989,2
18181,5
16277,1
16702,4
13855,4
12956,4
13616,2
12869,1
13854,39
13975,12
15892,1
15425,4
13020,2
16388,1
17330,4
13715,17
13462,5
16336,4
18078,4
13071,1
14853,5
13388,3
18262,3
18272,9
15042,2
14549,4
17348,9
12377,4
16119,8
12863,6
14439,5
17029,7
13963,17
16186,26
15661,8
17994,11
18132,1
17343,6
13451,11
14221,17
15459,2
17988,14
17159,5
14722,3
14078,9
16510,6
15779,2
16027,15
17473,2
15871,1
14740,11
15884,2
16371,1
16129,3
16980,3
13919,4
17629,10
16069,1
13073,2
17325,3
16634,6
15167,5
16343,3
13780,3
16010,11
16740,1
12970,10
15169,2
17160,17
16979,9
17031,6
14413,4
15394,11
15224,5
14880,3
15379,8
16135,2
15644,4
15133,5
14759,3
15143,2
17174,1
16143,12
13134,6
12432,5
14188,6
12619,10
16849,1
13619,2
16639,4
13435,9
14285,8
15701,4
15568,3
15300,1
13109,3
14537,2
16466,15
13685,7
17262,11
12546,2
16914,1
15573,5
15679,4
13817,2
18209,1
13732,1
15050,5
17237,4
12578,4
13673,2
17297,1
16811,2
17993,1
14184,1
16295,4
14871,9
17345,10
17660,2
13234,2
15413,5
13768,2
16335,7
13087,1
18286,2
14987,8
15945,4
17773,2
13442,3
12389,3
12805,4
13957,3
14877,2
13243,5
12726,11
15418,2
16487,2
13432,2
14010,2
17292,2
17127,5
12864,2
15378,2
15461,2
17640,6
13970,2
13380,1
14118,1
15506,6
12387,1
16876,1
16865,1
13049,4
12454,5
15468,3
15155,1
15020,1
15446,3
17820,1
12988,1
16245,3
15139,2
14352,4
15891,1
13955,3
12438,2
16473,4
18191,2
14834,7
17656,5
17097,9
13372,1
12965,1
16211,3
17047,6
12772,1
17545,6
16164,3
13726,2
13904,2
18123,3
16478,3
12950,3
16379,4
15398,2
17911,1
14214,5
16302,1
13948,4
15223,5
13114,1
17958,2
14365,2
14682,6
17342,4
16118,1
18046,1
18149,7
16615,1
15742,1
18056,2
16182,9
17543,1
13997,3
17129,1
13428,3
17643,2
15362,2
16958,1
16658,6
13306,1
16590,2
17981,1
17872,1
14252,1
13030,2
16567,2
17859,1
12852,1
15019,1
16518,4
12363,2
18213,1
17423,3
15552,2
13741,3
15389,5
13507,4
12464,8
14012,1
12517,5
16627,1
14261,2
12886,2
12446,1
12882,2
17247,1
12657,4
12442,1
14478,4
14980,1
14717,1
13025,1
14990,2
15338,1
13490,1
17477,2
17847,2
12568,1
14681,6
15454,2
17474,1
15559,1
16046,1
17808,4
14566,4
12741,2
13713,3
14268,1
17264,1
13500,4
16519,4
17282,5
17678,2
14339,2
15888,3
15762,2
16198,2
12612,1
12694,3
15185,1
15276,4
15840,2
15994,3
18205,2
17537,2
15787,3
16720,3
12795,1
16956,1
15754,9
14355,3
17072,1
14330,1
18271,2
12806,4
17417,1
18020,1
18214,4
14874,1
16961,3
14275,6
15462,4
14094,1
14802,2
14843,1
14846,1
17407,1
16018,4
15001,2
18054,1
12880,2
15070,3
12447,1
17697,1
15108,4
17900,2
15146,2
14552,3
14883,6
12513,1
17466,2
16240,2
15193,1
16561,2
15699,1
17772,3
15060,4
12439,2
16867,1
13783,4
14942,4
17626,1
12516,4
16922,1
14272,4
13302,2
14797,1
14183,2
16289,1
17743,1
16799,2
18284,1
17657,1
12798,4
15390,2
15336,1
17689,2
17036,1
17256,5
12929,1
14636,2
14633,1
15594,5
12590,2
16659,1
14100,1
15541,1
13350,2
13177,2
18088,1
13193,1
15836,1
13146,1
16482,1
13429,4
14347,1
14558,3
15562,3
18186,1
14892,1
15474,1
13586,1
14767,1
16998,5
15177,1
12411,1
14458,1
18031,1
16244,2
15925,1
15746,1
14076,1
16687,1
13624,1
15675,4
16536,1
13489,4
15364,2
16803,1
16826,1
15355,2
17636,1
14402,1
13454,1
15647,1
17995,3
15455,1
14054,1
15969,5
15029,1
12771,1
18250,1
18240,1
13811,3
14661,1
13511,1
13400,1
16323,2
13926,1
12443,1
14380,1
17718,2
12386,2
15267,5
13219,1
14773,1
15890,5
16997,3
16506,2
13913,1
15627,2
17455,1
14519,2
17778,1
12529,1
13160,1
15662,2
16238,1
14345,1
13776,2
14943,1
12574,1
17574,1
13645,1
17650,1
14424,1
14095,1
17443,1
15313,1
17747,1
13906,1
17186,2
14792,1
15760,2
17310,2
12730,1
13574,1
16142,1
14090,1
18032,1
16797,5
14051,37
13037,12
14979,1
14113,16
15823,3
12712,21
17287,21
18177,9
16556,17
15326,5
17213,13
14819,4
14527,122
14867,16
18102,145
12682,52
16210,35
17220,21
14431,4
14530,16
15910,15
12531,2
15303,3
17085,28
14896,8
18267,1
12971,116
12422,17
13421,8
12426,2
14680,58
14030,20
14160,7
13413,6
16748,14
14852,18
15443,14
14493,10
13004,36
17907,1
16701,26
13426,22
13183,15
14399,8
17479,1
12709,34
15819,10
14648,15
16397,1
16090,1
15755,17
14492,7
15216,2
17889,7
16133,56
14035,9
16369,7
17180,11
18151,6
13655,6
14724,1
14292,16
14467,12
17602,14
14535,9
13313,12
15186,5
13892,6
15210,3
15636,4
15681,14
15498,44
16986,11
16453,2
17677,54
13162,16
14338,3
17096,11
15625,9
14415,23
17464,3
15245,8
16126,15
17241,12
17289,9
17683,3
16529,4
13031,5
13665,3
13305,16
13584,3
17930,13
14217,23
13881,43
16632,2
17618,11
16276,3
15683,2
17746,4
17470,11
13889,6
17048,7
12623,7
17867,15
16134,5
16040,7
17921,10
13208,9
13137,16
17259,6
14894,3
14134,15
16833,6
17552,12
13110,12
16177,8
15243,2
16383,7
12486,1
16588,4
15931,1
15339,7
17141,4
15180,3
15710,1
16795,3
16098,14
13195,1
13534,35
16373,2
17435,1
14963,12
18060,2
14490,2
12892,1
14610,2
17081,6
17759,5
13309,6
18025,6
15512,4
14382,2
16314,3
16839,44
15811,7
17315,43
14813,4
18006,4
17766,2
14443,5
15872,4
17673,13
15983,8
14775,3
17135,10
17735,26
14037,6
12747,26
17894,18
15574,6
17358,5
14083,11
16255,15
12673,3
13008,3
13709,18
16378,3
17337,4
12754,3
14475,4
16265,12
15708,9
12679,4
15234,1
15047,1
16728,4
15140,8
14245,2
16063,1
14476,1
13263,39
17770,5
14688,28
15938,9
13005,4
12947,6
13365,2
17604,6
15932,8
14541,14
12931,57
17644,20
17819,12
14481,5
12989,33
13681,4
14132,11
16566,5
15781,3
13379,3
14898,14
16775,16
15695,4
16214,4
15235,16
14699,4
17398,3
16235,9
14116,5
17613,14
16092,6
18257,12
15984,30
14565,5
13925,4
14367,16
16573,2
17603,4
13771,9
15707,4
14595,8
17317,3
14897,8
15473,8
18252,7
16017,5
16426,10
16173,6
13644,4
12630,2
17418,3
16601,3
16790,6
18164,1
13636,5
17870,13
15582,3
13456,6
16279,9
16877,6
15393,5
14954,2
15783,1
16818,11
12560,3
14219,3
15136,4
16921,3
12530,9
15201,7
14222,1
17126,9
14970,12
16400,9
12895,2
12415,28
15793,8
16723,4
12941,1
15641,12
13831,18
15369,11
14451,12
14404,13
13209,13
12945,2
18087,17
18039,4
16039,2
13611,10
15451,2
16068,1
13307,3
15402,6
13775,1
12717,3
12349,4
13202,7
17785,3
12632,2
14128,3
15532,10
15183,3
17582,5
14634,4
12784,3
17176,3
16359,16
17110,3
17492,3
16650,7
14674,1
15080,2
17918,3
14001,9
17412,16
16278,3
14379,4
13548,3
13922,3
16465,2
17840,1
17123,3
16907,9
16823,7
15838,34
16527,2
14868,12
16928,29
15786,5
14618,7
13295,4
17871,5
14551,7
15976,6
16259,3
16724,1
14114,7
15312,12
13045,3
12876,4
17903,1
14932,2
17648,5
17659,14
15996,7
12797,2
15503,2
15356,13
18176,1
15780,3
14733,15
16554,8
12421,6
14130,4
13754,3
18125,4
12753,6
14670,3
14056,23
14890,3
13124,4
13544,6
16633,6
14776,15
17120,1
16370,4
18120,1
17591,8
14817,7
13062,1
13682,1
17169,3
13420,2
14262,8
12407,5
12833,1
16493,7
15839,3
17777,3
15365,13
12822,2
12721,8
17131,5
17674,2
18237,5
15545,2
16052,1
14434,6
15963,2
15096,1
14929,2
14354,2
16368,3
15399,3
16070,2
12427,3
12618,1
17904,1
14477,7
13924,6
14785,2
13467,2
16062,8
12762,2
14881,1
13905,1
17990,6
13091,3
15751,11
16366,4
13711,9
15827,28
17801,3
17966,10
17356,5
12468,5
16481,1
16860,3
14967,6
16467,7
13944,1
18064,11
13641,5
13057,3
15374,2
16067,3
15800,7
13727,8
14372,2
17057,1
12925,3
18197,1
16831,1
16391,4
15674,13
16035,1
13337,1
15264,2
17168,1
14112,13
15248,3
18140,1
14753,2
16524,2
16167,5
16455,11
17510,2
14712,4
16163,6
14631,6
13703,2
17843,2
16920,1
12537,1
16418,5
17334,3
13579,5
15584,6
16935,3
16874,1
18003,1
12996,1
15919,2
16367,3
17621,6
14229,7
13859,2
15110,6
17147,9
18202,3
18155,3
12781,2
13216,1
13132,1
14323,2
15730,5
14231,4
16644,2
17939,1
16744,7
13239,5
14687,3
12520,5
16319,1
13618,1
16112,4
14973,3
18027,1
15504,4
16215,1
12550,1
14518,1
13835,7
17371,6
12452,2
14164,2
13058,3
13526,2
13403,3
15943,2
15882,8
12980,21
17025,5
13484,3
15558,1
13007,1
12874,2
14615,5
13169,3
12810,2
17194,3
15283,3
16975,3
14283,4
16468,3
15629,4
16111,1
12699,1
13293,6
13597,2
14882,14
14193,3
14756,3
14679,3
15961,1
14627,1
14506,7
14405,1
13573,6
13033,2
12501,1
17890,2
16714,4
15226,1
18159,1
12372,3
16667,2
15671,7
15433,2
16216,1
14149,1
13533,3
17932,3
18232,4
17631,7
17955,6
14960,2
14652,1
13670,1
15626,3
16358,5
13283,4
17964,2
12584,9
14581,2
15274,2
16322,2
17818,1
14063,9
15077,2
16694,1
14070,1
16736,5
16267,1
16328,1
17235,8
15816,2
12346,12
17023,3
14822,1
15809,7
12819,1
15824,2
17161,1
16490,1
16643,2
16228,3
17680,3
12961,1
14270,1
12509,1
16943,5
13731,2
16621,4
15609,1
12697,3
17408,3
17892,3
13311,2
13023,3
17363,3
16272,1
14305,3
15937,1
15275,1
12654,5
15763,2
15435,1
18049,2
18015,1
15803,4
15964,1
18153,1
17941,4
15250,1
15946,3
14706,1
18234,1
17902,1
15873,4
15008,2
14787,1
17834,2
13936,3
17000,2
16679,3
16972,2
14202,3
15509,1
16138,3
16425,1
13708,1
15881,5
17171,2
13221,2
17252,2
17242,5
13343,1
12541,3
15041,2
15120,1
16114,1
12473,5
12906,5
17805,2
18265,2
16909,1
13422,1
13182,1
14716,3
15360,1
12491,1
14234,4
14863,1
17901,3
17441,1
15209,1
16577,1
15354,3
14812,1
14316,5
14814,1
15711,2
18206,1
15905,1
18279,1
17112,1
14263,1
12973,1
13241,1
15915,1
13646,2
12419,2
12858,1
17782,2
12350,1
13973,1
17654,1
15589,3
14886,1
15825,1
12922,1
12461,2
17444,3
16696,4
12962,2
16213,1
16480,1
13759,2
13876,1
12430,1
18067,1
14284,3
17153,1
14362,1
14471,2
12848,1
17933,1
12894,1
16974,2
18124,1
13660,1
18098,1
16662,1
17601,2
16698,2
12815,2
17234,1
14780,2
16026,1
13603,1
14207,1
16896,1
15566,2
16505,1
15317,1
17628,1
17026,3
14764,1
13739,2
17468,3
17318,1
16545,2
15565,2
15895,1
13460,2
15909,1
16796,1
16591,1
15072,1
14494,3
12351,1
16689,2
17741,2
15899,1
13837,2
18278,2
13965,3
16171,1
15094,2
16716,3
14707,2
17620,1
18275,2
14185,1
16446,2
17089,1
14887,1
13072,1
17331,1
14308,2
16199,7
12995,1
17166,2
13864,1
14117,1
16429,1
14642,1
15526,2
13228,1
13942,1
14900,1
14613,1
14328,1
17948,1
12687,2
15657,1
17378,1
13841,1
13053,1
18175,1
17030,1
16432,1
12478,1
15170,1
16257,1
17079,1
15712,12
13097,28
15482,19
15420,6
14215,9
18203,4
16892,7
15633,13
16843,35
14099,20
14626,11
15860,17
16749,2
15311,208
13393,4
15713,4
14081,10
14621,9
14628,5
12373,3
16082,1
13119,1
13092,12
14739,25
17258,2
12391,6
18178,11
13761,6
14556,3
17207,1
17526,12
16978,3
13753,4
15601,30
16846,3
15990,7
15325,8
17612,18
17681,5
15785,16
14685,8
13931,11
16934,6
15068,4
15513,35
17428,45
14011,2
13564,37
15982,1
12780,1
13308,4
15179,13
14512,7
15590,5
15615,47
13802,19
13888,7
14744,14
13047,24
16004,5
14692,12
12937,9
14825,24
17115,7
14299,27
17091,19
13190,3
13863,4
14198,9
17341,5
16456,13
16315,2
13123,2
16835,6
16592,28
14186,5
15530,5
17541,1
13995,14
18226,26
12595,1
13869,10
13647,8
12524,17
13196,7
14693,7
14736,2
12841,40
15255,9
14321,7
12836,15
14769,17
14499,7
17270,2
16872,6
13093,55
17404,23
13050,35
17705,11
16053,6
12910,13
14866,19
12727,10
12429,8
12540,33
13014,11
14310,1
13701,1
12993,8
14177,13
16036,4
17851,6
15123,5
16421,3
14915,11
16523,28
13166,2
16310,2
15998,16
13578,1
14271,2
13246,11
13547,1
16147,5
16836,4
17821,1
12483,19
14927,1
17984,5
17983,1
17521,5
17504,18
12376,2
12991,3
15144,29
18283,22
17069,14
16954,20
17283,1
17817,6
13485,11
16223,2
14729,3
18229,28
16131,12
16520,6
15288,10
13069,38
18245,20
16241,16
16191,24
14794,10
17450,51
16351,13
12383,5
17064,3
13310,5
14442,7
14532,11
17376,4
17863,12
14048,3
17530,12
12365,2
14483,2
12553,12
16356,6
16572,3
17076,6
13971,14
15651,5
17946,2
17937,7
15353,7
16949,6
17088,4
17965,29
17883,7
12982,8
17589,18
17704,2
18079,5
17634,9
15187,16
17505,5
14921,2
15705,1
13576,28
14659,9
14466,13
16324,3
13627,7
12930,2
14584,8
18219,17
13184,10
14732,19
13700,13
17396,14
15023,20
14060,30
15669,4
14246,3
12901,28
15747,9
13873,8
13953,12
14745,12
16952,5
15290,26
15866,1
12739,4
14436,2
14129,9
15453,7
12924,12
17037,1
14290,8
15075,1
12518,5
14540,11
17453,2
13763,3
13991,6
15117,8
12948,9
17924,8
17139,25
14856,3
14547,8
15392,7
18217,4
13816,2
14673,7
17738,13
17073,4
13322,1
16596,4
12572,2
14428,5
16535,3
15033,10
16688,4
14805,7
14102,5
16884,4
14061,3
16497,23
17018,6
16104,9
16732,4
13728,16
15912,9
17082,6
16439,1
14480,4
12678,21
16287,5
13192,6
12873,3
17768,7
17138,7
14454,5
17810,2
17108,1
17742,11
13663,5
15978,3
16071,4
15057,5
16741,1
16918,16
15215,7
14947,6
15979,1
16256,3
16231,4
14460,9
16651,1
14474,2
15523,16
15774,6
15157,5
18011,2
12809,3
13856,11
17311,6
17845,4
17290,8
17915,1
13446,11
15889,8
17145,4
13909,2
16496,6
16655,13
15936,2
12645,8
13809,3
15182,11
13770,4
16522,2
14303,2
13067,3
13360,4
14302,3
16411,4
17003,4
17967,2
13654,11
16445,4
12913,13
12563,1
18075,20
15031,14
13065,5
17106,1
17275,1
15634,2
16043,8
14013,5
14986,2
16946,5
17062,6
15395,1
14462,12
13717,8
15676,3
12866,3
15832,1
13712,2
16837,11
16947,5
15717,5
12622,1
17277,2
16637,4
14421,6
14021,7
17658,2
13395,3
13517,3
17405,3
13149,4
17175,4
15829,2
15861,12
15776,1
14278,1
17517,1
18280,2
16374,5
15227,9
14005,5
13487,5
17007,7
16292,5
16115,12
16122,6
16330,7
14387,3
12593,3
13321,2
13268,11
15858,13
12987,5
15315,2
12757,13
17459,2
15286,1
13471,4
14359,3
16971,1
15993,7
15105,9
16657,4
13012,11
13247,4
15933,3
15163,2
17010,1
15977,2
12465,2
16376,2
12723,5
14698,5
15520,1
18167,3
14594,2
17593,11
16195,1
14055,3
15697,1
12916,7
17542,3
14928,1
17217,2
15792,2
18095,5
12698,1
13974,2
12891,11
14616,5
14139,4
13608,1
12379,4
15102,2
16499,8
13439,3
12500,19
12825,2
13509,8
13371,2
13250,2
12813,3
14996,2
15666,2
13540,3
13152,7
13857,6
13519,2
16155,5
15772,1
16996,9
13079,6
14216,5
16540,1
17121,1
15870,4
15161,1
17239,4
17548,4
13402,4
18156,2
15428,4
18050,2
14175,8
16730,3
16494,1
13358,1
12693,7
12792,2
14957,2
17701,1
15109,3
14105,5
17854,6
14959,4
14823,3
15700,2
13678,1
13667,1
16342,4
13865,4
14901,12
13200,4
12688,1
12649,8
12444,5
12936,4
18192,1
17447,2
15287,5
15739,1
15330,2
14484,4
15450,1
16204,3
14675,2
14804,1
13104,9
14700,5
13189,2
13085,8
13415,4
15944,4
17825,4
17662,2
15409,1
17807,3
14545,1
14072,1
17721,1
17305,1
14596,1
16442,5
13813,8
16868,3
12745,3
14301,4
14930,6
17583,1
14028,3
14509,1
15908,2
12696,2
12862,2
17713,4
17369,1
17536,3
12505,1
14247,5
14829,7
17989,1
17968,4
15923,1
16665,1
17462,2
16692,4
18185,1
17440,4
13479,4
15668,1
16007,7
16461,3
12919,6
18081,3
12551,1
15729,3
16149,3
14141,4
12884,1
15099,1
13529,2
15492,2
15348,1
12352,10
13095,1
17181,3
17313,1
13499,5
17502,4
18263,3
16423,1
15987,8
16107,7
14125,3
17414,6
12470,1
16911,2
17165,6
16731,1
13275,2
14771,2
15814,6
18276,6
16585,2
17565,1
13779,1
15092,3
17392,3
14668,1
13002,3
13441,2
15638,6
17635,3
13836,2
15995,1
17544,3
16437,2
13369,1
13565,3
14803,3
18189,3
17060,1
14719,5
13826,1
12453,1
12974,2
16715,2
12885,3
15175,1
16488,3
17015,3
12938,1
16298,7
15148,1
15467,3
15188,1
12776,1
14726,1
14924,3
16917,2
16578,1
15689,3
15112,1
15970,2
13056,1
16048,4
15966,1
13424,1
13980,5
13367,1
16691,2
16193,2
13274,1
16614,3
16640,1
16973,1
13551,2
14438,1
15733,1
15775,2
14647,2
14453,1
13080,4
17781,2
14517,2
18017,4
16674,2
14212,2
13886,1
15427,3
15111,5
14093,1
14578,1
17806,1
17066,1
14839,3
18285,1
15869,3
13582,2
17729,1
18157,1
16564,1
12911,1
13683,1
14444,1
18089,1
13966,1
16061,1
16772,3
17815,1
16194,1
18010,1
15049,1
13918,2
13951,3
14782,1
16405,2
18228,2
18053,3
13260,1
14015,1
16260,1
16762,3
16800,1
13790,1
13336,1
12636,1
15833,1
14879,1
13583,2
15176,1
13676,2
18254,1
15718,1
15056,1
16993,2
14635,1
13326,1
13962,3
15490,1
17104,1
12591,3
13738,1
12559,2
16766,2
15098,3
17391,2
17600,1
18037,15
16944,1
13404,2
15864,7
17487,1
17497,2
17257,2
12548,1
17291,1
16301,1
17281,6
17065,2
17215,1
14363,2
14760,1
12984,1
17151,1
17439,1
14394,1
17956,1
18131,1
18038,1
15431,1
15387,1
15653,2
12879,3
14317,1
12587,1
14259,1
17506,1
14574,1
13848,8
18086,1
16789,1
15770,1
13746,1
12888,2
15340,1
15761,1
17538,1
13217,4
15206,4
14836,3
18000,1
13522,1
13702,1
15284,1
12606,1
17923,3
14435,1
17788,2
15477,1
16308,7
15486,1
17532,1
14106,1
13270,1
16291,1
13559,2
15913,1
18174,2
16219,1
15316,1
16443,1
12918,1
15442,1
15371,1
13128,1
14906,1
13017,1
14366,1
16064,1
15698,1
15728,2
16237,1
14213,1
14956,1
14580,1
